Title,ID,,,,,,
Thunderstorms and trace gas distribution,029e913b-220a-4480-8d16-180b1932a7bc,,,,,,
AI/ML Applications in Earth System Science,076431b2-3b24-4dcb-8de4-65ece097f900,,,,,,
Water Vapour and Climate Change,197f6d20-db45-4663-802c-e3c6de27856e,,,,,,
Atmospheric Pollution and Rural Air quality,21086930-7b10-4559-ade0-3c43549da136,,,,,,
Stratospheric ozone depletion,37286ce8-c0b3-4f1b-8ddd-ee5c6e5eb6de,,,,,,
Arctic ozone loss and Antarctic ozone hole,3e5c2f2b-19fc-46c8-a64d-801716d0f468,,,,,,
Tropical cyclones and Climate Change,3f36d145-86ad-49e2-86c0-abd5041ea84c,,,,,,
Agricultural Emissions and pollution,563e16d0-3500-4dae-8502-1a607bba832d,,,,,,
The Third Pole,7233b12e-84d4-4d35-bfb3-946bc142fdd9,,,,,,
 Urban Heat Islands and Climate,740a0495-f2d0-48c7-83fb-ea523c0806df,,,,,,
Temperature,816fb51a-e2d5-46bb-88cf-c00577d93b1e,,,,,,
Vegetation Carbon Dynamics and Climate,84dfa104-842d-47e9-a7a7-2d1f5707a70f,,,,,,
Indian Monsoon and Atmospheric Chemistry,8dea4f39-149a-44bd-ac1e-dc0b58c10e0d,,,,,,
Extreme Weather Events and Atmospheric Chemistry,8f7f4bda-aba1-426e-9a91-ac4dcf8be89d,,,,,,
Shipping Emissions and Maritime Pollution,971d6333-ff27-44d7-b850-e887c8eb64be,,,,,,
Land use Changes and Atmospheric Chemistry,dd5bbef2-3dfa-46bf-b131-551d51830c6f,,,,,,
Stratospheric Sudden Warmings,f0b0483d-8b8c-40eb-9765-4c354f0100b2,,,,,,
Atmospheric Input and Ocean biogeochemistry,fe1fd921-2d5d-4d1f-9990-d5f6ceb904c0,,,,,,
Atmospheric Chemistry Modelling And Future Projections,ff18b78c-1758-40c0-9f32-3ed91ed5c75f,,,,,,
